Image_Index,features
Image_0.jpg,"Size,Suite,7,Floral,Dress"
Image_1.jpg,"ELLE™,Fit,&,Flare,Dress"
Image_2.jpg,"Apt.,9®,Ribbed,Bell,Sleeve,A-Line,Dress"
Image_3.jpg,"LC,Lauren,Conrad,Print,Fit,&,Flare,Dress"
Image_4.jpg,"LC,Lauren,Conrad,Pleated,Midi,Dress"
Image_5.jpg,"ELLE™,Seamed,Fit,&,Flare,Dress"
Image_6.jpg,"LC,Lauren,Conrad,Bell,Sleeve,Swing,Dress"
Image_7.jpg,"Size,Chaya,Floral,Wrap,Dress"
Image_8.jpg,"Candie's®,Floral,Halter,Dress"
Image_9.jpg,"Chaps,Floral,Maxi,Dress"
Image_10.jpg,"LC,Lauren,Conrad,Bell,Sleeve,Swing,Dress"
Image_11.jpg,"Size,Suite,7,Floral,Fit,&,Flare,Dress"
Image_12.jpg,"Size,LC,Lauren,Conrad,Floral,Pleated,Dress"
Image_13.jpg,"Sharagano,Sleeveless,Floral,Embroidered,Dress"
Image_14.jpg,"Dana,Buchman,Twist,Knot,Fit,&,Flare,Dress"
Image_15.jpg,"Nina,Leonard,Floral,Bell,Sleeve,A-Line,Dress"
Image_16.jpg,"Size,Chaya,Floral,Fit,&,Flare,Dress"
Image_17.jpg,"Size,Apt.,9®,Cinched,T-Shirt,Dress"
Image_18.jpg,"Apt.,9®,Cowlneck,Swing,Dress"
Image_19.jpg,"Mudd®,Floral,Dress"
Image_20.jpg,"Size,Maya,Brooke,Floral,Dress,&,Jacket,Set"
Image_21.jpg,"Size,Maya,Brooke,Floral,Dress,&,Jacket,Set"
Image_22.jpg,"Size,Maya,Brooke,Floral,Dress,&,Jacket,Set"
Image_23.jpg,"Size,Maya,Brooke,Abstract,Floral,Dress,&,Jacket,Set"
Image_24.jpg,"SO®,Floral,Print,Sheath,Dress"
Image_25.jpg,"Candie's®,Floral,Wrap,Dress"
Image_26.jpg,"Chaps,Floral,Ruched,Sheath,Dress"
Image_27.jpg,"Almost,Famous,Floral,Faux-Wrap,Dress"
Image_28.jpg,"Nina,Leonard,Floral,Swing,Dress"
Image_29.jpg,"Nina,Leonard,Floral,Yoke,Trapeze,Dress"
Image_30.jpg,"POPSUGAR,Floral,Ruffle,Mini,Dress"
Image_31.jpg,"Plus,Size,IZ,Byer,Cutout,Shoulder,Floral,Sweaterdress"
Image_32.jpg,"Nina,Leonard,Floral,Sharkbite,Hem,Dress"
Image_33.jpg,"Chaps,Floral,Ruched,Sheath,Dress"
Image_34.jpg,"Chaps,Floral,Sheath,Dress"
Image_35.jpg,"Candie's®,Pleated,Floral,High,Neck,Swing,Dress"
Image_36.jpg,"Speechless,Floral,Print,Button,Front,Dress"
Image_37.jpg,"Chaps,Floral,Flounce,Hem,Dress"
Image_38.jpg,"Size,Maya,Brooke,Floral,Scroll,Dress,&,Jacket,Set"
Image_39.jpg,"Nina,Leonard,Gathered,Floral,Maxi,Dress"
Image_40.jpg,"Trixxi,Strapless,Floral,Jumpsuit"
Image_41.jpg,"Sharagano,Floral,Lace,Sheath,Dress"
Image_42.jpg,"Candie's®,Floral,Faux-Wrap,Dress"
Image_43.jpg,"Plus,Size,Three,Pink,Hearts,Floral,Strappy,Swing,Dress"
Image_44.jpg,"Simply,Vera,Vera,Wang,Floral,Pleated,Fit,&,Flare,Dress"
Image_45.jpg,"Size,Le,Bos,Floral,Embroidered,Dress,&,Jacket,Set"
Image_46.jpg,"Chaps,Floral,Dot,Faux-Wrap,Dress"
Image_47.jpg,"Nina,Leonard,Floral,Striped,Dress"
Image_48.jpg,"Nina,Leonard,Floral,Midi,Dress"
Image_49.jpg,"Chaps,Floral,Peasant,Dress"
Image_50.jpg,"Chaps,Floral,Ruffle-Sleeve,Sheath,Dress"
Image_51.jpg,"Chaps,Floral,Flutter,Sleeve,Sheath,Dress"
Image_52.jpg,"Chaps,Floral,A-Line,Dress"
Image_53.jpg,"Chaps,Floral,Fit,&,Flare,Dress"
Image_54.jpg,"Chaps,Floral,Fit,&,Flare,Midi,Dress"
Image_55.jpg,"Sharagano,Floral,Shirt,Dress"
Image_56.jpg,"Nina,Leonard,Floral,Embroidery,Swing,Dress"
Image_57.jpg,"Nina,Leonard,Floral,Bell-Sleeve,Trapeze,Dress"
Image_58.jpg,"Chaps,Floral,A-Line,Dress"
Image_59.jpg,"Size,Chaps,Floral,Twist-Front,Dress"
